-- Carlos Jahir Castro Cázares
-- SQLServer
USE bd_medico;

-- INSERT
-- INSERT INTO "nombre_tabla" ("columna1", "columna2", ...) VALUES ("valor1", "valor2", ...);
	-- TABLA ENFERMEDAD
		INSERT INTO ENFERMEDAD(ENFERMEDAD) VALUES('GRIPE');
		INSERT INTO ENFERMEDAD(ENFERMEDAD) VALUES('DIABETES');
		INSERT INTO ENFERMEDAD(ENFERMEDAD) VALUES('ASMA');
		INSERT INTO ENFERMEDAD(ENFERMEDAD) VALUES('OBESIDAD');
		INSERT INTO ENFERMEDAD(ENFERMEDAD) VALUES('CANCER');

		-- TABLA ALERGIA
		INSERT INTO ALERGIA(NOMBRE_ALERGIA) VALUES('ACAROS');
		INSERT INTO ALERGIA(NOMBRE_ALERGIA) VALUES('POLEN');
		INSERT INTO ALERGIA(NOMBRE_ALERGIA) VALUES('GATOS');
		INSERT INTO ALERGIA(NOMBRE_ALERGIA) VALUES('MANI');
		INSERT INTO ALERGIA(NOMBRE_ALERGIA) VALUES('AGUA');

		-- TABLA ESTUDIO
		INSERT INTO ESTUDIO(NOMBRE_ESTUDIO) VALUES('GENERAL');
		INSERT INTO ESTUDIO(NOMBRE_ESTUDIO) VALUES('SANGRE');
		INSERT INTO ESTUDIO(NOMBRE_ESTUDIO) VALUES('ORINA');
		INSERT INTO ESTUDIO(NOMBRE_ESTUDIO) VALUES('ESES');
		INSERT INTO ESTUDIO(NOMBRE_ESTUDIO) VALUES('VISTA');

		-- TABLA CIRUJUA
		INSERT INTO CIRUGIA(CIRUGIA) VALUES('APENDICECTOMÍA');
		INSERT INTO CIRUGIA(CIRUGIA) VALUES('HERNIAS');
		INSERT INTO CIRUGIA(CIRUGIA) VALUES('HEMORROIEDCTOMÍA');
		INSERT INTO CIRUGIA(CIRUGIA) VALUES('BIOPSIAS');
		INSERT INTO CIRUGIA(CIRUGIA) VALUES('CORAZON');

		-- TABLA MEDICAMENTO
		INSERT INTO MEDICAMENTO(NOMBRE) VALUES('PARACETAMOL');
		INSERT INTO MEDICAMENTO(NOMBRE) VALUES('IBUPROFENO');
		INSERT INTO MEDICAMENTO(NOMBRE) VALUES('ANTIVIOTICO');
		INSERT INTO MEDICAMENTO(NOMBRE) VALUES('GOTAS');
		INSERT INTO MEDICAMENTO(NOMBRE) VALUES('ANTIVIRAL');
		
		-- TABLA COLONIA
		INSERT INTO COLONIA(NOMBRE_COLONIA) VALUES('ADOLFO LOPEZ MATEOS');
		INSERT INTO COLONIA(NOMBRE_COLONIA) VALUES('RUIZ CORTINEZ');
		INSERT INTO COLONIA(NOMBRE_COLONIA) VALUES('MORELOS');
		INSERT INTO COLONIA(NOMBRE_COLONIA) VALUES('VILLAS DEL PEGREGAL');
		INSERT INTO COLONIA(NOMBRE_COLONIA) VALUES('ROSAS');

		-- TABLA POBLACION
		INSERT INTO POBLACION(NOMBRE_POBLACION) VALUES('MORELIA');
		INSERT INTO POBLACION(NOMBRE_POBLACION) VALUES('ZAMORA');
		INSERT INTO POBLACION(NOMBRE_POBLACION) VALUES('PURUANDIRO');
		INSERT INTO POBLACION(NOMBRE_POBLACION) VALUES('URUAPAN');
		INSERT INTO POBLACION(NOMBRE_POBLACION) VALUES('QUIROGA');

		-- TABLA MUNICIPIO
		INSERT INTO MUNICIPIO(NOMBRE_MUNICIPIO) VALUES('MORELIA');
		INSERT INTO MUNICIPIO(NOMBRE_MUNICIPIO) VALUES('URUAPAN');
		INSERT INTO MUNICIPIO(NOMBRE_MUNICIPIO) VALUES('HUETAMO');
		INSERT INTO MUNICIPIO(NOMBRE_MUNICIPIO) VALUES('LAZARO CARDENAZ');
		INSERT INTO MUNICIPIO(NOMBRE_MUNICIPIO) VALUES('ZAMORA');

		-- TABLA ESTADO
		INSERT INTO ESTADO(NOMBRE_ESTADO) VALUES('MICHOACAN');
		INSERT INTO ESTADO(NOMBRE_ESTADO) VALUES('MONTEREY');
		INSERT INTO ESTADO(NOMBRE_ESTADO) VALUES('JALISCO');
		INSERT INTO ESTADO(NOMBRE_ESTADO) VALUES('DISTRITO FEDERAL');
		INSERT INTO ESTADO(NOMBRE_ESTADO) VALUES('GUERRERO');

		-- TABLA TIPO DE PACIENTE
		INSERT INTO TIPO_PACIENTE(TIPO_PACIENTE) VALUES('ASEGURADO');
		INSERT INTO TIPO_PACIENTE(TIPO_PACIENTE) VALUES('PARTICULAR');
		INSERT INTO TIPO_PACIENTE(TIPO_PACIENTE) VALUES('POPULAR');
		INSERT INTO TIPO_PACIENTE(TIPO_PACIENTE) VALUES('GENERICO');
		INSERT INTO TIPO_PACIENTE(TIPO_PACIENTE) VALUES('PUBLICO');

		-- TABLA OCUPACION
		INSERT INTO OCUPACION(NOMBRE_OCUPACION) VALUES('INGENIERO');
		INSERT INTO OCUPACION(NOMBRE_OCUPACION) VALUES('MAESTRO');
		INSERT INTO OCUPACION(NOMBRE_OCUPACION) VALUES('DOCTOR');
		INSERT INTO OCUPACION(NOMBRE_OCUPACION) VALUES('POLICIA');
		INSERT INTO OCUPACION(NOMBRE_OCUPACION) VALUES('LICENCIADO');

		-- TABLA PACIENTE
		INSERT INTO PACIENTE(NOMBRES,APATERNO,AMATERNO,CALLE,NUMERO,FECHA_NACIMIENTO,TEL_FIJO,TEL_TRABAJO,TEL_CELULAR,SEXO,EMAIL,RFC,FECHA_ALTA,ESTATUS,IDPOBLACION,IDMUNICIPIO,IDCOLONIA,IDESTADO,IDOCUPACION,IDTIPO_PACIENTE)
		VALUES('CARLOS', 'CASTRO', 'CAZARES', 'UNIDAD TLATELOLCO', 136, '1995-01-29', '4431221076', '4431221076', '4431221076', 'M', 'CARLOSJ.CASTROC.01@GMAIL.COM', '1234567890121', '1995-01-29', 'A', 1, 1, 1, 1, 1, 1);		
		INSERT INTO PACIENTE(NOMBRES,APATERNO,AMATERNO,CALLE,NUMERO,FECHA_NACIMIENTO,TEL_FIJO,TEL_TRABAJO,TEL_CELULAR,SEXO,EMAIL,RFC,FECHA_ALTA,ESTATUS,IDPOBLACION,IDMUNICIPIO,IDCOLONIA,IDESTADO,IDOCUPACION,IDTIPO_PACIENTE)
		VALUES('EREN', 'EGER', 'ACKERMAN', 'DISTRITO SHINGASINA', 465, '1995-01-29', '4466870498', '4466870498', '4466870498', 'M', 'TITANATACK@GMAIL.COM', '1234567890122', '1995-01-29', 'A', 1, 3, 5, 3, 4, 2);		
		INSERT INTO PACIENTE(NOMBRES,APATERNO,AMATERNO,CALLE,NUMERO,FECHA_NACIMIENTO,TEL_FIJO,TEL_TRABAJO,TEL_CELULAR,SEXO,EMAIL,RFC,FECHA_ALTA,ESTATUS,IDPOBLACION,IDMUNICIPIO,IDCOLONIA,IDESTADO,IDOCUPACION,IDTIPO_PACIENTE)
		VALUES('CHRISTA', 'HISTORIA', 'REISS', 'PARAISO', 76, '1995-01-29', '5467983603', '5467983603', '5467983603', 'F', 'matehistoria@GMAIL.COM', '1234567890123', '1995-01-29', 'A', 5, 5, 5, 5, 5, 5);		
		INSERT INTO PACIENTE(NOMBRES,APATERNO,AMATERNO,CALLE,NUMERO,FECHA_NACIMIENTO,TEL_FIJO,TEL_TRABAJO,TEL_CELULAR,SEXO,EMAIL,RFC,FECHA_ALTA,ESTATUS,IDPOBLACION,IDMUNICIPIO,IDCOLONIA,IDESTADO,IDOCUPACION,IDTIPO_PACIENTE)
		VALUES('SERENA', 'KALOS', 'PEÑAS', 'LUMINALIA', 100, '1995-01-29', '4476230587', '4476230587', '4476230587', 'F', 'FRENEKING@GMAIL.COM', '1234567890124', '1995-01-29', 'A', 2, 1, 3, 1, 4, 2);
		INSERT INTO PACIENTE(NOMBRES,APATERNO,AMATERNO,CALLE,NUMERO,FECHA_NACIMIENTO,TEL_FIJO,TEL_TRABAJO,TEL_CELULAR,SEXO,EMAIL,RFC,FECHA_ALTA,ESTATUS,IDPOBLACION,IDMUNICIPIO,IDCOLONIA,IDESTADO,IDOCUPACION,IDTIPO_PACIENTE)
		VALUES('BRUNO', 'HOEMM', 'NORMAN', 'VILLA RAIZ', 3, '1995-01-29', '4455992376', '4455992376', '4455992376', 'M', 'spetilea@GMAIL.COM', '1234567890125', '1995-01-29', 'A', 2, 1, 4, 1, 3, 4);
		INSERT INTO PACIENTE(NOMBRES,APATERNO,AMATERNO,CALLE,NUMERO,FECHA_NACIMIENTO,TEL_FIJO,TEL_TRABAJO,TEL_CELULAR,SEXO,EMAIL,RFC,FECHA_ALTA,ESTATUS,IDPOBLACION,IDMUNICIPIO,IDCOLONIA,IDESTADO,IDOCUPACION,IDTIPO_PACIENTE)
		VALUES('AURA', 'ABEDUL', 'HOEMM', 'VILLA RAIZ', 2, '1995-01-29', '4458670987', '4458670987', '4458670987', 'F', 'TORCHIT@GMAIL.COM', '1234567890126', '1995-01-29', 'I', 3, 1, 3, 1, 3, 3);
		INSERT INTO PACIENTE(NOMBRES,APATERNO,AMATERNO,CALLE,NUMERO,FECHA_NACIMIENTO,TEL_FIJO,TEL_TRABAJO,TEL_CELULAR,SEXO,EMAIL,RFC,FECHA_ALTA,ESTATUS,IDPOBLACION,IDMUNICIPIO,IDCOLONIA,IDESTADO,IDOCUPACION,IDTIPO_PACIENTE)
		VALUES('ANAKING', 'SKY', 'WALKER', 'TATUIN', 198, '1995-01-29', '4455679854', '4455679854', '4455679854', 'M', 'ELSENADO@GMAIL.COM', '1234567890127', '1995-01-29', 'I', 2, 1, 5, 1, 5, 4);

		-- TABLA FACTURA
		INSERT INTO FACTURA(IDFACTURA,FECHA,IDPACIENTE) VALUES(3455769,'1995-01-29',1);
		INSERT INTO FACTURA(IDFACTURA,FECHA,IDPACIENTE) VALUES(6786903,'1995-01-29',4);
		INSERT INTO FACTURA(IDFACTURA,FECHA,IDPACIENTE) VALUES(3128579,'1995-01-29',3);
		INSERT INTO FACTURA(IDFACTURA,FECHA,IDPACIENTE) VALUES(3128580,'1995-01-29',3);
		INSERT INTO FACTURA(IDFACTURA,FECHA,IDPACIENTE) VALUES(3128581,'1995-01-29',3);

		-- TABLA HISTORIA_CLINICA
		INSERT INTO HISTORIA_CLINICA(IDPACIENTE,FECHA_ALTA,ESTATURA) VALUES(1,'1995-01-29',1.85);
		INSERT INTO HISTORIA_CLINICA(IDPACIENTE,FECHA_ALTA,ESTATURA) VALUES(2,'1995-01-29',1.67);
		INSERT INTO HISTORIA_CLINICA(IDPACIENTE,FECHA_ALTA,ESTATURA) VALUES(3,'1995-01-29',1.70);
		INSERT INTO HISTORIA_CLINICA(IDPACIENTE,FECHA_ALTA,ESTATURA) VALUES(4,'1995-01-29',1.50);
		INSERT INTO HISTORIA_CLINICA(IDPACIENTE,FECHA_ALTA,ESTATURA) VALUES(5,'1995-01-29',1.67);

		-- TABLA HISTORIA_ENFERNEDAD
		INSERT INTO HISTORIA_ENFERMEDAD(ID_HISTORIA_CLINICA,IDENFERMEDAD) VALUES(2,2);
		INSERT INTO HISTORIA_ENFERMEDAD(ID_HISTORIA_CLINICA,IDENFERMEDAD) VALUES(2,3);
		INSERT INTO HISTORIA_ENFERMEDAD(ID_HISTORIA_CLINICA,IDENFERMEDAD) VALUES(1,1);
		INSERT INTO HISTORIA_ENFERMEDAD(ID_HISTORIA_CLINICA,IDENFERMEDAD) VALUES(3,5);
		INSERT INTO HISTORIA_ENFERMEDAD(ID_HISTORIA_CLINICA,IDENFERMEDAD) VALUES(4,5);

		-- TABLA HISTORIA_CIRUGIA
		INSERT INTO HISTORIA_CIRUGIA(ID_HISTORIA_CLINICA,IDCIRUGIA) VALUES(3,1);
		INSERT INTO HISTORIA_CIRUGIA(ID_HISTORIA_CLINICA,IDCIRUGIA) VALUES(5,2);
		INSERT INTO HISTORIA_CIRUGIA(ID_HISTORIA_CLINICA,IDCIRUGIA) VALUES(4,4);
		INSERT INTO HISTORIA_CIRUGIA(ID_HISTORIA_CLINICA,IDCIRUGIA) VALUES(5,5);
		INSERT INTO HISTORIA_CIRUGIA(ID_HISTORIA_CLINICA,IDCIRUGIA) VALUES(4,2);
		
		-- TABLA HISTORIA_ALERGIA
		INSERT INTO HISTORIA_ALERGIA(ID_HISTORIA_CLINICA,IDALERGIA) VALUES(1,2);
		INSERT INTO HISTORIA_ALERGIA(ID_HISTORIA_CLINICA,IDALERGIA) VALUES(3,5);
		INSERT INTO HISTORIA_ALERGIA(ID_HISTORIA_CLINICA,IDALERGIA) VALUES(4,2);
		INSERT INTO HISTORIA_ALERGIA(ID_HISTORIA_CLINICA,IDALERGIA) VALUES(5,3);
		INSERT INTO HISTORIA_ALERGIA(ID_HISTORIA_CLINICA,IDALERGIA) VALUES(2,4);

		-- TABLA CITA
		INSERT INTO CITA(IDPACIENTE,FECHA_CITA,SINTOMAS,DIAGNOSTICO,FECHA_DIAGNOSTICO,FECHA_PROX_CITA,PAGO,PRESION_ARTERIAL,TEMPERATURA,OXIGENACION,PESO)
		VALUES(1,'1995-01-29','No se','Que va aser','1995-01-29','1995-01-29',100,50,35,34,102);
		INSERT INTO CITA(IDPACIENTE,FECHA_CITA,SINTOMAS,DIAGNOSTICO,FECHA_DIAGNOSTICO,FECHA_PROX_CITA,PAGO,PRESION_ARTERIAL,TEMPERATURA,OXIGENACION,PESO)
		VALUES(5,'1995-01-29','Se ve chido','Esta hermoso','1995-01-29','1995-01-29',300,50,35,34,70);
		INSERT INTO CITA(IDPACIENTE,FECHA_CITA,SINTOMAS,DIAGNOSTICO,FECHA_DIAGNOSTICO,FECHA_PROX_CITA,PAGO,PRESION_ARTERIAL,TEMPERATURA,OXIGENACION,PESO)
		VALUES(1,'1995-01-29','Otra ves este','No se','1995-01-29','1995-01-29',100,50,35,34,80);
		INSERT INTO CITA(IDPACIENTE,FECHA_CITA,SINTOMAS,DIAGNOSTICO,FECHA_DIAGNOSTICO,FECHA_PROX_CITA,PAGO,PRESION_ARTERIAL,TEMPERATURA,OXIGENACION,PESO)
		VALUES(1,'1995-01-29','Para que viene','Ya mejor no lo atiendo','1995-01-29','1995-01-29',200,50,35,34,70);
		INSERT INTO CITA(IDPACIENTE,FECHA_CITA,SINTOMAS,DIAGNOSTICO)
		VALUES(2,'1995-01-29','Se murio','Bien muerto');

		-- TABLA CITA_ESTUDIO
		INSERT INTO CITA_ESTUDIO(IDCITA,IDESTUDIO) VALUES(3,1);
		INSERT INTO CITA_ESTUDIO(IDCITA,IDESTUDIO) VALUES(3,2);
		INSERT INTO CITA_ESTUDIO(IDCITA,IDESTUDIO) VALUES(5,5);
		INSERT INTO CITA_ESTUDIO(IDCITA,IDESTUDIO) VALUES(5,3);
		INSERT INTO CITA_ESTUDIO(IDCITA,IDESTUDIO) VALUES(5,4);

		-- TABLA CITA_MEDICAMENTO_ANTERIOR
		INSERT INTO CITA_MEDICAMENTO_ANTERIOR(IDCITA,IDMEDICAMENTO) VALUES(2,1);
		INSERT INTO CITA_MEDICAMENTO_ANTERIOR(IDCITA,IDMEDICAMENTO) VALUES(4,1);
		INSERT INTO CITA_MEDICAMENTO_ANTERIOR(IDCITA,IDMEDICAMENTO) VALUES(5,1);
		INSERT INTO CITA_MEDICAMENTO_ANTERIOR(IDCITA,IDMEDICAMENTO) VALUES(5,3);
		INSERT INTO CITA_MEDICAMENTO_ANTERIOR(IDCITA,IDMEDICAMENTO) VALUES(5,4);

		-- TABLA CITA_MEDICACMENTO_NUEVO
		INSERT INTO CITA_MEDICAMENTO_NUEVO(IDCITA,IDMEDICAMENTO) VALUES(2,2);
		INSERT INTO CITA_MEDICAMENTO_NUEVO(IDCITA,IDMEDICAMENTO) VALUES(4,2);
		INSERT INTO CITA_MEDICAMENTO_NUEVO(IDCITA,IDMEDICAMENTO) VALUES(5,2);
		INSERT INTO CITA_MEDICAMENTO_NUEVO(IDCITA,IDMEDICAMENTO) VALUES(5,5);
		INSERT INTO CITA_MEDICAMENTO_NUEVO(IDCITA,IDMEDICAMENTO) VALUES(5,3);
